{
  "status": "completed",
  "steps_completed": 150,
  "steps_total": 150,
  "progress_pct": 100.0,
  "elapsed_s": 3226.146832799539,
  "initial_loss": 23.128262877464294,
  "current_loss": 6.7351184487342834,
  "min_loss": 1.9399022459983826,
  "min_loss_step": 24,
  "max_loss": 48.007564425468445,
  "mean_loss": 13.424087654153507,
  "mean_grad_norm": 0.4600086565812429,
  "max_grad_norm": 1.0543363094329834,
  "mean_step_time_s": 20.710519880671054,
  "overall_accuracy_pinkify": 0.8313420403783396,
  "last_20_accuracy_pinkify": 0.807395467736025,
  "overall_accuracy_thisnotthat": 0.5820676643991918,
  "last_20_accuracy_thisnotthat": 0.6084450850433822
}