{
  "resolutions": [
    [
      512,
      512
    ],
    [
      640,
      384
    ]
  ],
  "seeds": [
    42,
    7
  ],
  "n_steps": 30,
  "cfg": 4.0,
  "prompt": "qwen-3-4b, draw me an \"enormous laser shark for the sega saturn\".",
  "adapter_b_init_std": 0.01,
  "adapter_summary": {
    "n_wrapped_layers": 120,
    "adapters": {
      "p_theta": {
        "rank": 4,
        "alpha": 4.0,
        "n_params": 7372800,
        "trainable": 7372800
      },
      "r_theta": {
        "rank": 4,
        "alpha": 4.0,
        "n_params": 7372800,
        "trainable": 7372800
      }
    }
  },
  "timing": {
    "run_a_seconds": 14.423437899909914,
    "run_a2_seconds": 18.285736500285566,
    "run_b_seconds": 13.211725500412285
  },
  "sdpa_determinism": {
    "img0": {
      "bitwise_equal": true,
      "max_abs_diff": 0.0,
      "mean_abs_diff": 0.0,
      "l2_norm": 0.0,
      "note": "SDPA is deterministic \u2192 expect bitwise identical"
    },
    "img1": {
      "bitwise_equal": true,
      "max_abs_diff": 0.0,
      "mean_abs_diff": 0.0,
      "l2_norm": 0.0,
      "note": "SDPA is deterministic \u2192 expect bitwise identical"
    }
  },
  "sdpa_adapter_effect": {
    "img0": {
      "max_abs_diff": 0.7265625,
      "mean_abs_diff": 0.03569936007261276,
      "l2_norm": 13.229000091552734,
      "cosine_similarity": 0.9975253343582153,
      "bitwise_equal": false,
      "note": "img0: adapter disabled mid-trajectory \u2192 expect large deterministic diff"
    },
    "img1": {
      "max_abs_diff": 0.515625,
      "mean_abs_diff": 0.03718983009457588,
      "l2_norm": 13.216448783874512,
      "cosine_similarity": 0.9974341988563538,
      "bitwise_equal": false,
      "note": "img1: adapter unchanged, but SDPA cross-attn leakage \u2192 expect smaller diff"
    }
  },
  "sigma_schedules": {
    "img0": {
      "sigmas": [
        1.0,
        0.984375,
        0.96484375,
        0.94921875,
        0.9296875,
        0.91015625,
        0.890625,
        0.8671875,
        0.84765625,
        0.82421875,
        0.80078125,
        0.77734375,
        0.75,
        0.7265625,
        0.69921875,
        0.66796875,
        0.63671875,
        0.60546875,
        0.57421875,
        0.5390625,
        0.50390625,
        0.462890625,
        0.423828125,
        0.380859375,
        0.3359375,
        0.287109375,
        0.2373046875,
        0.1826171875,
        0.1259765625,
        0.06640625,
        0.0
      ],
      "alpha": 2.0155644370746373,
      "resolution": [
        512,
        512
      ]
    },
    "img1": {
      "sigmas": [
        1.0,
        0.984375,
        0.96875,
        0.94921875,
        0.9296875,
        0.9140625,
        0.89453125,
        0.87109375,
        0.8515625,
        0.828125,
        0.8046875,
        0.78125,
        0.7578125,
        0.73046875,
        0.703125,
        0.67578125,
        0.64453125,
        0.61328125,
        0.58203125,
        0.546875,
        0.51171875,
        0.470703125,
        0.431640625,
        0.388671875,
        0.341796875,
        0.294921875,
        0.2431640625,
        0.1875,
        0.1298828125,
        0.068359375,
        0.0
      ],
      "alpha": 2.0816659994661326,
      "resolution": [
        640,
        384
      ]
    }
  },
  "scores_per_step": {
    "step_0": {
      "img0": [
        0.0,
        0.0
      ],
      "img1": [
        0.0,
        0.0
      ]
    },
    "step_1": {
      "img0": [
        0.0,
        0.0
      ],
      "img1": [
        0.0,
        0.0
      ]
    },
    "step_2": {
      "img0": [
        0.0,
        0.0
      ],
      "img1": [
        0.0,
        0.0
      ]
    },
    "step_3": {
      "img0": [
        0.0,
        0.0
      ],
      "img1": [
        0.0,
        0.0
      ]
    },
    "step_4": {
      "img0": [
        0.0,
        0.0
      ],
      "img1": [
        0.0,
        0.0
      ]
    },
    "step_5": {
      "img0": [
        0.0,
        0.0
      ],
      "img1": [
        0.0,
        0.0
      ]
    },
    "step_6": {
      "img0": [
        0.0,
        0.0
      ],
      "img1": [
        0.0,
        0.0
      ]
    },
    "step_7": {
      "img0": [
        0.0,
        0.0
      ],
      "img1": [
        0.0,
        0.0
      ]
    },
    "step_8": {
      "img0": [
        0.0,
        0.0
      ],
      "img1": [
        0.0,
        0.0
      ]
    },
    "step_9": {
      "img0": [
        0.0,
        0.0
      ],
      "img1": [
        0.0,
        0.0
      ]
    },
    "step_10": {
      "img0": [
        0.0,
        0.0
      ],
      "img1": [
        0.0,
        0.0
      ]
    },
    "step_11": {
      "img0": [
        0.0,
        0.0
      ],
      "img1": [
        0.0,
        0.0
      ]
    },
    "step_12": {
      "img0": [
        0.0,
        0.0
      ],
      "img1": [
        0.0,
        0.0
      ]
    },
    "step_13": {
      "img0": [
        0.0,
        0.0
      ],
      "img1": [
        0.0,
        0.0
      ]
    },
    "step_14": {
      "img0": [
        0.0,
        0.0
      ],
      "img1": [
        0.0,
        0.0
      ]
    },
    "step_15": {
      "img0": [
        0.0,
        0.0
      ],
      "img1": [
        0.0,
        0.0
      ]
    },
    "step_16": {
      "img0": [
        0.0,
        0.0
      ],
      "img1": [
        0.0,
        0.0
      ]
    },
    "step_17": {
      "img0": [
        0.0,
        0.0
      ],
      "img1": [
        0.0,
        0.0
      ]
    },
    "step_18": {
      "img0": [
        0.0,
        0.0
      ],
      "img1": [
        0.0,
        0.0
      ]
    },
    "step_19": {
      "img0": [
        0.0,
        0.0
      ],
      "img1": [
        0.0,
        0.0
      ]
    },
    "step_20": {
      "img0": [
        0.0,
        0.0
      ],
      "img1": [
        0.0,
        0.0
      ]
    },
    "step_21": {
      "img0": [
        0.0,
        0.0
      ],
      "img1": [
        0.0,
        0.0
      ]
    },
    "step_22": {
      "img0": [
        0.0,
        0.0
      ],
      "img1": [
        0.0,
        0.0
      ]
    },
    "step_23": {
      "img0": [
        0.0,
        0.0
      ],
      "img1": [
        0.0,
        0.0
      ]
    },
    "step_24": {
      "img0": [
        0.0,
        0.0
      ],
      "img1": [
        0.0,
        0.0
      ]
    },
    "step_25": {
      "img0": [
        0.0,
        0.0
      ],
      "img1": [
        0.0,
        0.0
      ]
    },
    "step_26": {
      "img0": [
        0.0,
        0.0
      ],
      "img1": [
        0.0,
        0.0
      ]
    },
    "step_27": {
      "img0": [
        0.0,
        0.0
      ],
      "img1": [
        0.0,
        0.0
      ]
    },
    "step_28": {
      "img0": [
        0.0,
        0.0
      ],
      "img1": [
        0.0,
        0.0
      ]
    },
    "step_29": {
      "img0": [
        0.0,
        0.0
      ],
      "img1": [
        0.0,
        0.0
      ]
    }
  },
  "sage_noise_floor": {
    "img0": {
      "max_abs_diff": 4.0,
      "mean_abs_diff": 0.18370018899440765,
      "l2_norm": 84.5723876953125,
      "bitwise_equal": false,
      "note": "SageAttention INT8 non-determinism \u2014 expected to be nonzero"
    },
    "img1": {
      "max_abs_diff": 5.140625,
      "mean_abs_diff": 0.47623640298843384,
      "l2_norm": 164.18690490722656,
      "bitwise_equal": false,
      "note": "SageAttention INT8 non-determinism \u2014 expected to be nonzero"
    }
  },
  "sage_adapter_effect": {
    "img0": {
      "max_abs_diff": 4.09375,
      "mean_abs_diff": 0.1837853342294693,
      "l2_norm": 84.56511688232422,
      "cosine_similarity": 0.9438351988792419,
      "bitwise_equal": false,
      "signal_to_noise_ratio": 0.9999140285241268,
      "note": "img0: adapter disabled mid-trajectory \u2192 expect effect >> sage noise"
    },
    "img1": {
      "max_abs_diff": 4.890625,
      "mean_abs_diff": 0.4741305410861969,